Week,Total Alerts,Resolved Alerts,Active Alerts
"2025-10-04 to 2025-10-10","0","0","0"
"2025-10-11 to 2025-10-17","0","0","0"
"2025-10-18 to 2025-10-24","0","0","0"
"2025-10-25 to 2025-10-31","0","0","0"
"2025-11-01 to 2025-11-07","0","0","0"
"2025-11-08 to 2025-11-14","0","0","0"
"2025-11-15 to 2025-11-21","0","0","0"
"2025-11-22 to 2025-11-28","454","13","441"
"2025-11-29 to 2025-12-05","0","0","0"
"2025-12-06 to 2025-12-12","0","0","0"
"2025-12-13 to 2025-12-19","0","0","0"
"2025-12-20 to 2025-12-26","0","0","0"
"2025-12-27 to 2026-01-02","0","0","0"